source_file,Date,HomeTeam,AwayTeam,Inning,Top/Bottom,Outs,Balls,Strikes,PAofInning,PitchofPA,Pitcher,PitcherTeam,PitcherThrows,Batter,BatterTeam,PitchCall,KorBB,AutoPitchType,TaggedPitchType,RelSpeed,SpinRate,InducedVertBreak,HorzBreak,PlateLocSide,PlateLocHeight,PlayResult,TaggedHitType,ExitSpeed,Angle,Direction,Distance,Swing,Whiff,HardHit,SweetSpot
synthetic_game_01.csv,2026-06-15,OAK_COL,RIV_WAV,1,Top,0,0,0,2,1,"Ortiz, Caleb",OAK_COL,Right,"Blake, Mason",OAK_COL,BallCalled,,Changeup,Changeup,80.7,2014.0,8.6,-10.5,-0.81,2.03,,,,,,,False,False,,
synthetic_game_01.csv,2026-06-15,OAK_COL,RIV_WAV,1,Top,2,0,0,2,2,"Ortiz, Caleb",OAK_COL,Right,"Blake, Mason",OAK_COL,FoulBall,,Slider,Slider,80.7,2483.0,3.6,4.7,0.79,2.86,,,,,,,True,False,,
synthetic_game_01.csv,2026-06-15,OAK_COL,RIV_WAV,1,Top,1,0,0,2,3,"Ortiz, Caleb",OAK_COL,Right,"Blake, Mason",OAK_COL,StrikeSwinging,,Sinker,Sinker,90.4,2278.0,7.3,-11.8,0.36,1.77,,,,,,,True,True,,
synthetic_game_01.csv,2026-06-15,OAK_COL,RIV_WAV,1,Top,0,0,0,2,4,"Ortiz, Caleb",OAK_COL,Right,"Blake, Mason",OAK_COL,StrikeCalled,,Slider,Slider,79.5,2538.0,0.7,3.4,1.99,2.02,Out,,,,,,False,False,,
synthetic_game_01.csv,2026-06-15,OAK_COL,RIV_WAV,1,Top,2,0,0,5,1,"Ortiz, Caleb",OAK_COL,Right,"Blake, Mason",OAK_COL,StrikeCalled,,Sinker,Sinker,88.3,2096.0,5.4,-13.6,-0.54,2.44,,,,,,,False,False,,
synthetic_game_01.csv,2026-06-15,OAK_COL,RIV_WAV,1,Top,1,0,0,5,2,"Ortiz, Caleb",OAK_COL,Right,"Blake, Mason",OAK_COL,StrikeCalled,,Changeup,Changeup,82.1,1996.0,7.4,-10.1,-0.69,2.36,,,,,,,False,False,,
synthetic_game_01.csv,2026-06-15,OAK_COL,RIV_WAV,1,Top,1,0,0,5,3,"Ortiz, Caleb",OAK_COL,Right,"Blake, Mason",OAK_COL,FoulBall,,Changeup,Changeup,82.3,1744.0,8.9,-12.9,-0.37,2.61,,,,,,,True,False,,
synthetic_game_01.csv,2026-06-15,OAK_COL,RIV_WAV,1,Top,2,0,0,5,4,"Ortiz, Caleb",OAK_COL,Right,"Blake, Mason",OAK_COL,BallCalled,Walk,Sinker,Sinker,88.0,2239.0,7.1,-13.7,0.22,1.41,,,,,,,False,False,,
synthetic_game_01.csv,2026-06-15,OAK_COL,RIV_WAV,1,Bottom,2,0,0,5,1,"Keller, Ryan",OAK_COL,Left,"Blake, Mason",OAK_COL,BallCalled,,Slider,Slider,80.6,2267.0,-0.8,5.6,0.57,2.37,,,,,,,False,False,,
synthetic_game_01.csv,2026-06-15,OAK_COL,RIV_WAV,1,Bottom,1,0,0,5,2,"Keller, Ryan",OAK_COL,Left,"Blake, Mason",OAK_COL,StrikeCalled,,Sinker,Sinker,92.2,2415.0,6.1,-12.9,0.62,1.25,,,,,,,False,False,,
synthetic_game_01.csv,2026-06-15,OAK_COL,RIV_WAV,1,Bottom,1,0,0,5,3,"Keller, Ryan",OAK_COL,Left,"Blake, Mason",OAK_COL,StrikeCalled,,Changeup,Changeup,83.8,1764.0,5.3,-12.3,-1.16,1.86,Out,,,,,,False,False,,
synthetic_game_01.csv,2026-06-15,OAK_COL,RIV_WAV,2,Top,1,0,0,3,1,"Ortiz, Caleb",OAK_COL,Right,"Blake, Mason",OAK_COL,StrikeSwinging,,Sinker,Sinker,88.3,2270.0,9.5,-13.6,-0.56,1.71,,,,,,,True,True,,
synthetic_game_01.csv,2026-06-15,OAK_COL,RIV_WAV,2,Top,1,0,0,3,2,"Ortiz, Caleb",OAK_COL,Right,"Blake, Mason",OAK_COL,BallCalled,,Four-Seam,Four-Seam,91.7,2360.0,20.1,-7.2,0.74,2.55,,,,,,,False,False,,
synthetic_game_01.csv,2026-06-15,OAK_COL,RIV_WAV,2,Top,0,0,0,3,3,"Ortiz, Caleb",OAK_COL,Right,"Blake, Mason",OAK_COL,StrikeCalled,,Four-Seam,Four-Seam,88.5,2363.0,13.2,-6.1,0.25,0.95,,,,,,,False,False,,
synthetic_game_01.csv,2026-06-15,OAK_COL,RIV_WAV,2,Top,0,0,0,3,4,"Ortiz, Caleb",OAK_COL,Right,"Blake, Mason",OAK_COL,BallCalled,,Slider,Slider,79.6,2484.0,2.6,8.4,0.3,2.72,,,,,,,False,False,,
synthetic_game_01.csv,2026-06-15,OAK_COL,RIV_WAV,2,Top,0,0,0,3,5,"Ortiz, Caleb",OAK_COL,Right,"Blake, Mason",OAK_COL,InPlay,,Sinker,Sinker,88.8,2159.0,7.1,-12.7,-0.32,1.39,Out,GroundBall,82.2,9.8,17.0,249.0,True,False,No,Yes
synthetic_game_01.csv,2026-06-15,OAK_COL,RIV_WAV,2,Top,2,0,0,5,1,"Monroe, Jake",OAK_COL,Right,"Blake, Mason",OAK_COL,FoulBall,,Changeup,Changeup,82.0,1694.0,8.4,-14.5,-0.61,2.35,,,,,,,True,False,,
synthetic_game_01.csv,2026-06-15,OAK_COL,RIV_WAV,2,Top,1,0,0,5,2,"Monroe, Jake",OAK_COL,Right,"Blake, Mason",OAK_COL,BallCalled,,Slider,Slider,81.7,2522.0,3.1,6.8,0.73,3.33,,,,,,,False,False,,
synthetic_game_01.csv,2026-06-15,OAK_COL,RIV_WAV,2,Top,1,0,0,5,3,"Monroe, Jake",OAK_COL,Right,"Blake, Mason",OAK_COL,BallCalled,,Sinker,Sinker,90.0,2067.0,6.9,-11.0,0.63,3.77,,,,,,,False,False,,
synthetic_game_01.csv,2026-06-15,OAK_COL,RIV_WAV,2,Top,2,0,0,5,4,"Monroe, Jake",OAK_COL,Right,"Blake, Mason",OAK_COL,BallCalled,,Slider,Slider,79.3,2492.0,5.1,4.1,0.16,3.0,,,,,,,False,False,,
synthetic_game_01.csv,2026-06-15,OAK_COL,RIV_WAV,2,Top,2,0,0,5,5,"Monroe, Jake",OAK_COL,Right,"Blake, Mason",OAK_COL,StrikeCalled,,Changeup,Changeup,80.5,1664.0,6.7,-14.2,1.02,2.1,,,,,,,False,False,,
synthetic_game_01.csv,2026-06-15,OAK_COL,RIV_WAV,2,Top,2,0,0,5,6,"Monroe, Jake",OAK_COL,Right,"Blake, Mason",OAK_COL,InPlay,,Changeup,Changeup,82.4,1536.0,9.9,-11.6,-0.75,3.28,Out,FlyBall,96.1,7.6,-21.3,128.0,True,False,Yes,No
synthetic_game_01.csv,2026-06-15,OAK_COL,RIV_WAV,2,Bottom,0,0,0,1,1,"Foster, Owen",RIV_WAV,Right,"Blake, Mason",OAK_COL,FoulBall,,Slider,Slider,82.6,2533.0,1.4,11.3,-1.28,3.6,,,,,,,True,False,,
synthetic_game_01.csv,2026-06-15,OAK_COL,RIV_WAV,2,Bottom,2,0,0,1,2,"Foster, Owen",RIV_WAV,Right,"Blake, Mason",OAK_COL,FoulBall,,Four-Seam,Four-Seam,93.7,2244.0,16.1,-8.3,-1.47,3.1,,,,,,,True,False,,
synthetic_game_01.csv,2026-06-15,OAK_COL,RIV_WAV,2,Bottom,0,0,0,1,3,"Foster, Owen",RIV_WAV,Right,"Blake, Mason",OAK_COL,BallCalled,,Slider,Slider,80.1,2193.0,6.0,9.2,-0.02,1.98,,,,,,,False,False,,
synthetic_game_01.csv,2026-06-15,OAK_COL,RIV_WAV,2,Bottom,2,0,0,1,4,"Foster, Owen",RIV_WAV,Right,"Blake, Mason",OAK_COL,BallCalled,,Changeup,Changeup,84.5,1867.0,10.6,-12.1,-0.07,2.84,,,,,,,False,False,,
synthetic_game_01.csv,2026-06-15,OAK_COL,RIV_WAV,2,Bottom,2,0,0,1,5,"Foster, Owen",RIV_WAV,Right,"Blake, Mason",OAK_COL,BallCalled,,Sinker,Sinker,88.8,2201.0,8.2,-14.0,-0.28,3.68,,,,,,,False,False,,
synthetic_game_01.csv,2026-06-15,OAK_COL,RIV_WAV,2,Bottom,0,0,0,1,6,"Foster, Owen",RIV_WAV,Right,"Blake, Mason",OAK_COL,InPlay,,Slider,Slider,79.6,2404.0,1.6,9.1,0.24,2.14,Out,FlyBall,78.9,-6.1,-31.3,253.0,True,False,No,No
synthetic_game_01.csv,2026-06-15,OAK_COL,RIV_WAV,3,Top,2,0,0,5,1,"Ortiz, Caleb",OAK_COL,Right,"Blake, Mason",OAK_COL,BallCalled,,Slider,Slider,80.7,2346.0,0.0,8.5,0.99,2.94,,,,,,,False,False,,
synthetic_game_01.csv,2026-06-15,OAK_COL,RIV_WAV,3,Top,1,0,0,5,2,"Ortiz, Caleb",OAK_COL,Right,"Blake, Mason",OAK_COL,FoulBall,,Four-Seam,Four-Seam,91.8,2064.0,15.1,-6.6,-0.04,3.64,,,,,,,True,False,,
synthetic_game_01.csv,2026-06-15,OAK_COL,RIV_WAV,3,Top,1,0,0,5,3,"Ortiz, Caleb",OAK_COL,Right,"Blake, Mason",OAK_COL,StrikeSwinging,,Slider,Slider,81.4,2277.0,2.2,5.6,-0.8,2.95,,,,,,,True,True,,
synthetic_game_01.csv,2026-06-15,OAK_COL,RIV_WAV,3,Top,0,0,0,5,4,"Ortiz, Caleb",OAK_COL,Right,"Blake, Mason",OAK_COL,FoulBall,,Four-Seam,Four-Seam,91.8,2197.0,18.5,-2.1,-0.22,2.76,,,,,,,True,False,,
synthetic_game_01.csv,2026-06-15,OAK_COL,RIV_WAV,3,Top,1,0,0,5,5,"Ortiz, Caleb",OAK_COL,Right,"Blake, Mason",OAK_COL,StrikeCalled,,Changeup,Changeup,81.0,1565.0,5.5,-15.1,0.78,2.68,Out,,,,,,False,False,,
synthetic_game_01.csv,2026-06-15,OAK_COL,RIV_WAV,3,Bottom,2,0,0,5,1,"Ortiz, Caleb",OAK_COL,Right,"Blake, Mason",OAK_COL,StrikeSwinging,,Sinker,Sinker,90.9,2190.0,4.4,-12.2,0.39,2.07,,,,,,,True,True,,
synthetic_game_01.csv,2026-06-15,OAK_COL,RIV_WAV,3,Bottom,2,0,0,5,2,"Ortiz, Caleb",OAK_COL,Right,"Blake, Mason",OAK_COL,BallCalled,,Four-Seam,Four-Seam,92.8,2158.0,17.0,-9.7,-0.8,2.26,,,,,,,False,False,,
synthetic_game_01.csv,2026-06-15,OAK_COL,RIV_WAV,3,Bottom,1,0,0,5,3,"Ortiz, Caleb",OAK_COL,Right,"Blake, Mason",OAK_COL,FoulBall,,Slider,Slider,82.3,2483.0,3.4,7.7,1.13,1.72,,,,,,,True,False,,
synthetic_game_01.csv,2026-06-15,OAK_COL,RIV_WAV,3,Bottom,0,0,0,5,4,"Ortiz, Caleb",OAK_COL,Right,"Blake, Mason",OAK_COL,StrikeCalled,,Sinker,Sinker,88.9,2145.0,6.3,-11.9,0.47,2.21,,,,,,,False,False,,
synthetic_game_01.csv,2026-06-15,OAK_COL,RIV_WAV,3,Bottom,0,0,0,5,5,"Ortiz, Caleb",OAK_COL,Right,"Blake, Mason",OAK_COL,InPlay,,Changeup,Changeup,85.5,1512.0,5.1,-12.9,0.48,2.81,Out,,,,,,True,False,,
synthetic_game_01.csv,2026-06-15,OAK_COL,RIV_WAV,4,Top,2,0,0,3,1,"Keller, Ryan",OAK_COL,Left,"Blake, Mason",OAK_COL,BallCalled,,Slider,Slider,79.1,2320.0,2.0,8.6,1.16,2.87,,,,,,,False,False,,
synthetic_game_01.csv,2026-06-15,OAK_COL,RIV_WAV,4,Top,0,0,0,3,2,"Keller, Ryan",OAK_COL,Left,"Blake, Mason",OAK_COL,StrikeCalled,,Slider,Slider,78.6,2357.0,5.0,8.6,-1.06,2.39,Out,,,,,,False,False,,
synthetic_game_01.csv,2026-06-15,OAK_COL,RIV_WAV,4,Bottom,2,0,0,1,1,"Monroe, Jake",OAK_COL,Right,"Blake, Mason",OAK_COL,StrikeCalled,,Changeup,Changeup,80.3,1792.0,7.3,-13.9,1.57,2.91,,,,,,,False,False,,
synthetic_game_01.csv,2026-06-15,OAK_COL,RIV_WAV,4,Bottom,0,0,0,1,2,"Monroe, Jake",OAK_COL,Right,"Blake, Mason",OAK_COL,FoulBall,,Changeup,Changeup,85.1,1652.0,12.0,-15.2,0.23,2.68,,,,,,,True,False,,
synthetic_game_01.csv,2026-06-15,OAK_COL,RIV_WAV,4,Bottom,1,0,0,1,3,"Monroe, Jake",OAK_COL,Right,"Blake, Mason",OAK_COL,FoulBall,,Sinker,Sinker,90.4,2383.0,12.2,-12.5,-1.35,2.67,,,,,,,True,False,,
synthetic_game_01.csv,2026-06-15,OAK_COL,RIV_WAV,4,Bottom,1,0,0,1,4,"Monroe, Jake",OAK_COL,Right,"Blake, Mason",OAK_COL,StrikeSwinging,,Sinker,Sinker,88.8,2113.0,10.0,-14.7,0.5,1.22,,,,,,,True,True,,
synthetic_game_01.csv,2026-06-15,OAK_COL,RIV_WAV,4,Bottom,0,0,0,1,5,"Monroe, Jake",OAK_COL,Right,"Blake, Mason",OAK_COL,FoulBall,,Four-Seam,Four-Seam,90.7,2158.0,18.0,-8.3,-1.54,1.57,,,,,,,True,False,,
synthetic_game_01.csv,2026-06-15,OAK_COL,RIV_WAV,4,Bottom,0,0,0,1,6,"Monroe, Jake",OAK_COL,Right,"Blake, Mason",OAK_COL,InPlay,,Slider,Slider,78.6,2504.0,4.1,8.1,-0.67,2.38,Single,GroundBall,90.2,-20.9,10.1,79.0,True,False,No,No
synthetic_game_01.csv,2026-06-15,OAK_COL,RIV_WAV,4,Bottom,2,0,0,4,1,"Ortiz, Caleb",OAK_COL,Right,"Blake, Mason",OAK_COL,StrikeCalled,,Sinker,Sinker,90.2,2257.0,7.9,-13.8,1.27,2.32,,,,,,,False,False,,
synthetic_game_01.csv,2026-06-15,OAK_COL,RIV_WAV,4,Bottom,2,0,0,4,2,"Ortiz, Caleb",OAK_COL,Right,"Blake, Mason",OAK_COL,StrikeCalled,,Sinker,Sinker,91.2,2122.0,4.4,-14.0,-0.12,3.66,,,,,,,False,False,,
synthetic_game_01.csv,2026-06-15,OAK_COL,RIV_WAV,4,Bottom,1,0,0,4,3,"Ortiz, Caleb",OAK_COL,Right,"Blake, Mason",OAK_COL,StrikeSwinging,,Changeup,Changeup,83.7,1980.0,6.7,-11.3,-0.24,2.81,Out,,,,,,True,True,,
synthetic_game_01.csv,2026-06-15,OAK_COL,RIV_WAV,4,Bottom,0,0,0,5,1,"Keller, Ryan",OAK_COL,Left,"Blake, Mason",OAK_COL,StrikeSwinging,,Four-Seam,Four-Seam,92.1,2327.0,15.0,-3.8,1.05,3.04,,,,,,,True,True,,
synthetic_game_01.csv,2026-06-15,OAK_COL,RIV_WAV,4,Bottom,2,0,0,5,2,"Keller, Ryan",OAK_COL,Left,"Blake, Mason",OAK_COL,FoulBall,,Changeup,Changeup,84.9,1729.0,9.3,-16.8,-1.63,3.19,,,,,,,True,False,,
synthetic_game_01.csv,2026-06-15,OAK_COL,RIV_WAV,4,Bottom,0,0,0,5,3,"Keller, Ryan",OAK_COL,Left,"Blake, Mason",OAK_COL,StrikeSwinging,Strikeout,Sinker,Sinker,90.5,2415.0,9.7,-17.2,-0.16,2.61,,,,,,,True,True,,
synthetic_game_01.csv,2026-06-15,OAK_COL,RIV_WAV,5,Top,0,0,0,5,1,"Keller, Ryan",OAK_COL,Left,"Blake, Mason",OAK_COL,StrikeCalled,,Slider,Slider,79.3,2418.0,0.6,9.4,0.03,2.1,,,,,,,False,False,,
synthetic_game_01.csv,2026-06-15,OAK_COL,RIV_WAV,5,Top,2,0,0,5,2,"Keller, Ryan",OAK_COL,Left,"Blake, Mason",OAK_COL,FoulBall,,Sinker,Sinker,91.0,2065.0,6.2,-15.1,0.7,3.14,,,,,,,True,False,,
synthetic_game_01.csv,2026-06-15,OAK_COL,RIV_WAV,5,Top,1,0,0,5,3,"Keller, Ryan",OAK_COL,Left,"Blake, Mason",OAK_COL,StrikeCalled,,Sinker,Sinker,88.5,2056.0,8.0,-15.7,-1.09,1.66,,,,,,,False,False,,
synthetic_game_01.csv,2026-06-15,OAK_COL,RIV_WAV,5,Top,0,0,0,5,4,"Keller, Ryan",OAK_COL,Left,"Blake, Mason",OAK_COL,BallCalled,,Four-Seam,Four-Seam,91.7,2288.0,14.9,-7.7,-0.06,2.41,,,,,,,False,False,,
synthetic_game_01.csv,2026-06-15,OAK_COL,RIV_WAV,5,Top,2,0,0,5,5,"Keller, Ryan",OAK_COL,Left,"Blake, Mason",OAK_COL,InPlay,,Sinker,Sinker,87.6,2166.0,7.9,-11.3,0.63,1.94,Single,FlyBall,73.0,-1.1,28.7,278.0,True,False,No,No
synthetic_game_01.csv,2026-06-15,OAK_COL,RIV_WAV,5,Bottom,1,0,0,1,1,"Monroe, Jake",OAK_COL,Right,"Blake, Mason",OAK_COL,FoulBall,,Sinker,Sinker,90.8,2098.0,11.2,-9.8,0.1,2.74,,,,,,,True,False,,
synthetic_game_01.csv,2026-06-15,OAK_COL,RIV_WAV,5,Bottom,0,0,0,1,2,"Monroe, Jake",OAK_COL,Right,"Blake, Mason",OAK_COL,StrikeSwinging,,Changeup,Changeup,82.8,1825.0,7.1,-13.0,-0.87,3.52,,,,,,,True,True,,
synthetic_game_01.csv,2026-06-15,OAK_COL,RIV_WAV,5,Bottom,2,0,0,1,3,"Monroe, Jake",OAK_COL,Right,"Blake, Mason",OAK_COL,BallCalled,,Changeup,Changeup,83.8,1783.0,6.5,-12.5,0.75,2.9,,,,,,,False,False,,
synthetic_game_01.csv,2026-06-15,OAK_COL,RIV_WAV,5,Bottom,1,0,0,1,4,"Monroe, Jake",OAK_COL,Right,"Blake, Mason",OAK_COL,StrikeCalled,,Sinker,Sinker,89.9,1881.0,11.1,-11.1,0.66,3.59,,,,,,,False,False,,
synthetic_game_01.csv,2026-06-15,OAK_COL,RIV_WAV,5,Bottom,0,0,0,1,5,"Monroe, Jake",OAK_COL,Right,"Blake, Mason",OAK_COL,StrikeSwinging,,Slider,Slider,81.0,2308.0,10.0,10.1,0.62,2.35,,,,,,,True,True,,
synthetic_game_01.csv,2026-06-15,OAK_COL,RIV_WAV,5,Bottom,2,0,0,1,6,"Monroe, Jake",OAK_COL,Right,"Blake, Mason",OAK_COL,BallCalled,Walk,Slider,Slider,80.0,2184.0,4.5,7.4,0.23,1.99,,,,,,,False,False,,
synthetic_game_01.csv,2026-06-15,OAK_COL,RIV_WAV,5,Bottom,0,0,0,5,1,"Keller, Ryan",OAK_COL,Left,"Blake, Mason",OAK_COL,StrikeCalled,,Changeup,Changeup,81.1,1676.0,10.2,-13.7,0.58,1.43,,,,,,,False,False,,
synthetic_game_01.csv,2026-06-15,OAK_COL,RIV_WAV,5,Bottom,2,0,0,5,2,"Keller, Ryan",OAK_COL,Left,"Blake, Mason",OAK_COL,InPlay,,Changeup,Changeup,83.3,1689.0,13.5,-11.9,-0.97,1.55,Triple,LineDrive,104.5,17.6,9.0,150.0,True,False,Yes,Yes
synthetic_game_01.csv,2026-06-15,OAK_COL,RIV_WAV,6,Top,0,0,0,1,1,"Ortiz, Caleb",OAK_COL,Right,"Blake, Mason",OAK_COL,BallCalled,,Slider,Slider,81.6,2433.0,6.3,4.1,-1.34,3.24,,,,,,,False,False,,
synthetic_game_01.csv,2026-06-15,OAK_COL,RIV_WAV,6,Top,2,0,0,1,2,"Ortiz, Caleb",OAK_COL,Right,"Blake, Mason",OAK_COL,FoulBall,,Sinker,Sinker,90.6,2011.0,10.0,-13.2,-0.61,3.22,,,,,,,True,False,,
synthetic_game_01.csv,2026-06-15,OAK_COL,RIV_WAV,6,Top,2,0,0,1,3,"Ortiz, Caleb",OAK_COL,Right,"Blake, Mason",OAK_COL,FoulBall,,Sinker,Sinker,89.6,2285.0,7.8,-12.7,0.65,2.55,,,,,,,True,False,,
synthetic_game_01.csv,2026-06-15,OAK_COL,RIV_WAV,6,Top,2,0,0,1,4,"Ortiz, Caleb",OAK_COL,Right,"Blake, Mason",OAK_COL,InPlay,,Slider,Slider,79.6,2495.0,0.8,9.6,0.57,2.02,Double,GroundBall,88.0,3.4,-14.2,119.0,True,False,No,No
synthetic_game_01.csv,2026-06-15,OAK_COL,RIV_WAV,6,Top,0,0,0,4,1,"Ortiz, Caleb",OAK_COL,Right,"Blake, Mason",OAK_COL,BallCalled,,Changeup,Changeup,80.9,1808.0,7.1,-12.6,0.01,2.82,,,,,,,False,False,,
synthetic_game_01.csv,2026-06-15,OAK_COL,RIV_WAV,6,Top,1,0,0,4,2,"Ortiz, Caleb",OAK_COL,Right,"Blake, Mason",OAK_COL,BallCalled,,Four-Seam,Four-Seam,92.3,2407.0,17.0,-6.8,-0.43,2.39,,,,,,,False,False,,
synthetic_game_01.csv,2026-06-15,OAK_COL,RIV_WAV,6,Top,1,0,0,4,3,"Ortiz, Caleb",OAK_COL,Right,"Blake, Mason",OAK_COL,StrikeSwinging,,Slider,Slider,80.3,2290.0,5.2,7.7,-0.56,1.56,,,,,,,True,True,,
synthetic_game_01.csv,2026-06-15,OAK_COL,RIV_WAV,6,Top,1,0,0,4,4,"Ortiz, Caleb",OAK_COL,Right,"Blake, Mason",OAK_COL,InPlay,,Slider,Slider,81.7,2334.0,5.2,6.1,-0.01,2.26,Out,LineDrive,88.6,-10.0,1.5,135.0,True,False,No,No
synthetic_game_01.csv,2026-06-15,OAK_COL,RIV_WAV,7,Top,1,0,0,5,1,"Foster, Owen",RIV_WAV,Right,"Blake, Mason",OAK_COL,FoulBall,,Four-Seam,Four-Seam,91.1,2415.0,16.4,-6.9,0.92,2.64,,,,,,,True,False,,
synthetic_game_01.csv,2026-06-15,OAK_COL,RIV_WAV,7,Top,1,0,0,5,2,"Foster, Owen",RIV_WAV,Right,"Blake, Mason",OAK_COL,StrikeSwinging,,Four-Seam,Four-Seam,91.7,2297.0,17.1,-9.3,-0.21,2.28,,,,,,,True,True,,
synthetic_game_01.csv,2026-06-15,OAK_COL,RIV_WAV,7,Top,2,0,0,5,3,"Foster, Owen",RIV_WAV,Right,"Blake, Mason",OAK_COL,BallCalled,,Sinker,Sinker,88.5,2008.0,7.2,-13.9,-0.57,2.67,,,,,,,False,False,,
synthetic_game_01.csv,2026-06-15,OAK_COL,RIV_WAV,7,Top,0,0,0,5,4,"Foster, Owen",RIV_WAV,Right,"Blake, Mason",OAK_COL,FoulBall,,Sinker,Sinker,90.0,2168.0,12.7,-14.7,-0.03,1.84,,,,,,,True,False,,
synthetic_game_01.csv,2026-06-15,OAK_COL,RIV_WAV,7,Top,2,0,0,5,5,"Foster, Owen",RIV_WAV,Right,"Blake, Mason",OAK_COL,StrikeCalled,,Changeup,Changeup,81.6,2062.0,9.9,-14.0,-0.1,3.1,,,,,,,False,False,,
synthetic_game_01.csv,2026-06-15,OAK_COL,RIV_WAV,7,Top,0,0,0,5,6,"Foster, Owen",RIV_WAV,Right,"Blake, Mason",OAK_COL,InPlay,,Sinker,Sinker,90.6,2098.0,9.8,-11.5,-1.19,2.09,Out,,,,,,True,False,,
synthetic_game_01.csv,2026-06-15,OAK_COL,RIV_WAV,7,Bottom,2,0,0,2,1,"Monroe, Jake",OAK_COL,Right,"Blake, Mason",OAK_COL,BallCalled,,Sinker,Sinker,92.4,2085.0,9.7,-9.2,-0.64,1.92,,,,,,,False,False,,
synthetic_game_01.csv,2026-06-15,OAK_COL,RIV_WAV,7,Bottom,2,0,0,2,2,"Monroe, Jake",OAK_COL,Right,"Blake, Mason",OAK_COL,StrikeCalled,,Changeup,Changeup,84.8,1917.0,7.7,-13.4,0.71,1.95,,,,,,,False,False,,
synthetic_game_01.csv,2026-06-15,OAK_COL,RIV_WAV,7,Bottom,2,0,0,2,3,"Monroe, Jake",OAK_COL,Right,"Blake, Mason",OAK_COL,StrikeSwinging,,Sinker,Sinker,88.6,2248.0,10.4,-11.8,0.27,1.32,,,,,,,True,True,,
synthetic_game_01.csv,2026-06-15,OAK_COL,RIV_WAV,7,Bottom,0,0,0,2,4,"Monroe, Jake",OAK_COL,Right,"Blake, Mason",OAK_COL,FoulBall,,Four-Seam,Four-Seam,89.8,2294.0,14.5,-5.3,-0.19,2.55,,,,,,,True,False,,
synthetic_game_01.csv,2026-06-15,OAK_COL,RIV_WAV,7,Bottom,1,0,0,2,5,"Monroe, Jake",OAK_COL,Right,"Blake, Mason",OAK_COL,BallCalled,,Sinker,Sinker,90.0,2211.0,10.8,-17.9,-0.15,2.9,,,,,,,False,False,,
synthetic_game_01.csv,2026-06-15,OAK_COL,RIV_WAV,7,Bottom,0,0,0,2,6,"Monroe, Jake",OAK_COL,Right,"Blake, Mason",OAK_COL,StrikeSwinging,Strikeout,Four-Seam,Four-Seam,92.4,2325.0,14.3,-6.6,0.02,3.18,,,,,,,True,True,,
synthetic_game_01.csv,2026-06-15,OAK_COL,RIV_WAV,7,Bottom,1,0,0,3,1,"Ortiz, Caleb",OAK_COL,Right,"Blake, Mason",OAK_COL,StrikeSwinging,,Sinker,Sinker,88.7,2173.0,11.7,-13.8,0.14,1.0,,,,,,,True,True,,
synthetic_game_01.csv,2026-06-15,OAK_COL,RIV_WAV,7,Bottom,2,0,0,3,2,"Ortiz, Caleb",OAK_COL,Right,"Blake, Mason",OAK_COL,BallCalled,,Four-Seam,Four-Seam,93.1,2019.0,15.1,-4.6,0.05,2.67,,,,,,,False,False,,
synthetic_game_01.csv,2026-06-15,OAK_COL,RIV_WAV,7,Bottom,1,0,0,3,3,"Ortiz, Caleb",OAK_COL,Right,"Blake, Mason",OAK_COL,StrikeCalled,,Sinker,Sinker,92.0,2095.0,8.9,-15.5,-0.66,2.5,,,,,,,False,False,,
synthetic_game_01.csv,2026-06-15,OAK_COL,RIV_WAV,7,Bottom,1,0,0,3,4,"Ortiz, Caleb",OAK_COL,Right,"Blake, Mason",OAK_COL,FoulBall,,Changeup,Changeup,81.8,1834.0,6.3,-10.4,1.69,2.32,,,,,,,True,False,,
synthetic_game_01.csv,2026-06-15,OAK_COL,RIV_WAV,7,Bottom,2,0,0,3,5,"Ortiz, Caleb",OAK_COL,Right,"Blake, Mason",OAK_COL,BallCalled,,Changeup,Changeup,84.2,1902.0,7.3,-13.5,-0.07,2.28,,,,,,,False,False,,
synthetic_game_01.csv,2026-06-15,OAK_COL,RIV_WAV,7,Bottom,1,0,0,3,6,"Ortiz, Caleb",OAK_COL,Right,"Blake, Mason",OAK_COL,InPlay,,Slider,Slider,80.5,2536.0,6.1,8.1,-0.51,2.96,HomeRun,GroundBall,97.7,8.9,-25.5,316.0,True,False,Yes,Yes
synthetic_game_02.csv,2026-06-16,OAK_COL,RIV_WAV,1,Top,0,0,0,3,1,"Keller, Ryan",OAK_COL,Left,"Blake, Mason",OAK_COL,StrikeCalled,,Sinker,Sinker,88.5,2209.0,9.2,-13.3,0.95,1.88,,,,,,,False,False,,
synthetic_game_02.csv,2026-06-16,OAK_COL,RIV_WAV,1,Top,1,0,0,3,2,"Keller, Ryan",OAK_COL,Left,"Blake, Mason",OAK_COL,StrikeSwinging,,Slider,Slider,80.8,2446.0,0.9,-0.5,-0.74,3.33,,,,,,,True,True,,
synthetic_game_02.csv,2026-06-16,OAK_COL,RIV_WAV,1,Top,1,0,0,3,3,"Keller, Ryan",OAK_COL,Left,"Blake, Mason",OAK_COL,StrikeCalled,,Changeup,Changeup,83.6,1562.0,7.8,-11.5,0.23,2.31,,,,,,,False,False,,
synthetic_game_02.csv,2026-06-16,OAK_COL,RIV_WAV,1,Top,0,0,0,3,4,"Keller, Ryan",OAK_COL,Left,"Blake, Mason",OAK_COL,BallCalled,,Sinker,Sinker,89.6,2324.0,10.1,-13.5,0.86,2.6,,,,,,,False,False,,
synthetic_game_02.csv,2026-06-16,OAK_COL,RIV_WAV,1,Top,1,0,0,3,5,"Keller, Ryan",OAK_COL,Left,"Blake, Mason",OAK_COL,StrikeSwinging,,Four-Seam,Four-Seam,93.0,2372.0,14.7,-4.4,-0.17,2.34,,,,,,,True,True,,
synthetic_game_02.csv,2026-06-16,OAK_COL,RIV_WAV,1,Top,2,0,0,3,6,"Keller, Ryan",OAK_COL,Left,"Blake, Mason",OAK_COL,BallCalled,Walk,Sinker,Sinker,90.5,2261.0,9.6,-12.9,0.07,2.35,,,,,,,False,False,,
synthetic_game_02.csv,2026-06-16,OAK_COL,RIV_WAV,1,Bottom,1,0,0,3,1,"Keller, Ryan",OAK_COL,Left,"Blake, Mason",OAK_COL,StrikeSwinging,,Changeup,Changeup,82.4,1875.0,8.6,-14.2,-1.11,2.29,,,,,,,True,True,,
synthetic_game_02.csv,2026-06-16,OAK_COL,RIV_WAV,1,Bottom,1,0,0,3,2,"Keller, Ryan",OAK_COL,Left,"Blake, Mason",OAK_COL,BallCalled,,Slider,Slider,82.5,2348.0,6.7,4.9,0.86,2.58,,,,,,,False,False,,
synthetic_game_02.csv,2026-06-16,OAK_COL,RIV_WAV,1,Bottom,2,0,0,3,3,"Keller, Ryan",OAK_COL,Left,"Blake, Mason",OAK_COL,FoulBall,,Sinker,Sinker,89.6,2054.0,6.5,-14.8,-1.46,1.71,,,,,,,True,False,,
synthetic_game_02.csv,2026-06-16,OAK_COL,RIV_WAV,1,Bottom,2,0,0,3,4,"Keller, Ryan",OAK_COL,Left,"Blake, Mason",OAK_COL,StrikeSwinging,,Slider,Slider,82.8,2395.0,-2.3,6.5,1.12,2.68,,,,,,,True,True,,
synthetic_game_02.csv,2026-06-16,OAK_COL,RIV_WAV,1,Bottom,2,0,0,3,5,"Keller, Ryan",OAK_COL,Left,"Blake, Mason",OAK_COL,InPlay,,Sinker,Sinker,90.2,2355.0,6.3,-11.4,0.46,3.0,Single,FlyBall,96.0,2.8,-7.6,214.0,True,False,Yes,No
synthetic_game_02.csv,2026-06-16,OAK_COL,RIV_WAV,2,Top,2,0,0,4,1,"Ortiz, Caleb",OAK_COL,Right,"Blake, Mason",OAK_COL,BallCalled,,Slider,Slider,81.8,2411.0,2.9,8.3,-0.99,2.59,,,,,,,False,False,,
synthetic_game_02.csv,2026-06-16,OAK_COL,RIV_WAV,2,Top,2,0,0,4,2,"Ortiz, Caleb",OAK_COL,Right,"Blake, Mason",OAK_COL,BallCalled,,Four-Seam,Four-Seam,89.0,2201.0,12.4,-7.7,-0.4,3.2,,,,,,,False,False,,
synthetic_game_02.csv,2026-06-16,OAK_COL,RIV_WAV,2,Top,0,0,0,4,3,"Ortiz, Caleb",OAK_COL,Right,"Blake, Mason",OAK_COL,StrikeSwinging,Strikeout,Four-Seam,Four-Seam,89.4,2453.0,14.2,-7.3,-1.19,1.94,,,,,,,True,True,,
synthetic_game_02.csv,2026-06-16,OAK_COL,RIV_WAV,4,Top,0,0,0,2,1,"Monroe, Jake",OAK_COL,Right,"Blake, Mason",OAK_COL,StrikeCalled,,Four-Seam,Four-Seam,92.7,2299.0,15.4,-5.5,-0.97,2.11,,,,,,,False,False,,
synthetic_game_02.csv,2026-06-16,OAK_COL,RIV_WAV,4,Top,0,0,0,2,2,"Monroe, Jake",OAK_COL,Right,"Blake, Mason",OAK_COL,BallCalled,,Four-Seam,Four-Seam,90.9,2299.0,15.7,-8.3,-0.67,2.09,,,,,,,False,False,,
synthetic_game_02.csv,2026-06-16,OAK_COL,RIV_WAV,4,Top,2,0,0,2,3,"Monroe, Jake",OAK_COL,Right,"Blake, Mason",OAK_COL,StrikeSwinging,,Four-Seam,Four-Seam,92.2,2231.0,18.4,-9.8,1.57,2.17,Out,,,,,,True,True,,
synthetic_game_02.csv,2026-06-16,OAK_COL,RIV_WAV,4,Top,2,0,0,3,1,"Monroe, Jake",OAK_COL,Right,"Blake, Mason",OAK_COL,FoulBall,,Sinker,Sinker,91.5,2216.0,7.8,-9.9,0.11,3.7,,,,,,,True,False,,
synthetic_game_02.csv,2026-06-16,OAK_COL,RIV_WAV,4,Top,0,0,0,3,2,"Monroe, Jake",OAK_COL,Right,"Blake, Mason",OAK_COL,FoulBall,,Four-Seam,Four-Seam,92.4,2096.0,20.4,-6.9,-0.09,1.09,,,,,,,True,False,,
synthetic_game_02.csv,2026-06-16,OAK_COL,RIV_WAV,4,Top,1,0,0,3,3,"Monroe, Jake",OAK_COL,Right,"Blake, Mason",OAK_COL,BallCalled,,Sinker,Sinker,90.4,2150.0,8.4,-12.7,0.84,2.23,,,,,,,False,False,,
synthetic_game_02.csv,2026-06-16,OAK_COL,RIV_WAV,4,Top,1,0,0,3,4,"Monroe, Jake",OAK_COL,Right,"Blake, Mason",OAK_COL,StrikeCalled,,Sinker,Sinker,90.1,2044.0,7.9,-12.5,-1.53,3.23,,,,,,,False,False,,
synthetic_game_02.csv,2026-06-16,OAK_COL,RIV_WAV,4,Top,2,0,0,3,5,"Monroe, Jake",OAK_COL,Right,"Blake, Mason",OAK_COL,BallCalled,,Slider,Slider,81.0,2319.0,3.7,6.0,0.75,2.56,,,,,,,False,False,,
synthetic_game_02.csv,2026-06-16,OAK_COL,RIV_WAV,4,Top,0,0,0,3,6,"Monroe, Jake",OAK_COL,Right,"Blake, Mason",OAK_COL,InPlay,,Sinker,Sinker,89.5,2224.0,6.8,-11.3,-0.57,1.9,Double,GroundBall,76.5,21.3,-31.3,209.0,True,False,No,Yes
synthetic_game_02.csv,2026-06-16,OAK_COL,RIV_WAV,4,Top,1,0,0,4,1,"Foster, Owen",RIV_WAV,Right,"Blake, Mason",OAK_COL,BallCalled,,Changeup,Changeup,82.9,1964.0,6.4,-12.4,0.34,3.01,,,,,,,False,False,,
synthetic_game_02.csv,2026-06-16,OAK_COL,RIV_WAV,4,Top,0,0,0,4,2,"Foster, Owen",RIV_WAV,Right,"Blake, Mason",OAK_COL,StrikeCalled,,Slider,Slider,79.2,2548.0,1.3,5.7,1.42,2.32,,,,,,,False,False,,
synthetic_game_02.csv,2026-06-16,OAK_COL,RIV_WAV,4,Top,1,0,0,4,3,"Foster, Owen",RIV_WAV,Right,"Blake, Mason",OAK_COL,FoulBall,,Slider,Slider,81.3,2341.0,4.3,8.7,1.28,2.12,,,,,,,True,False,,
synthetic_game_02.csv,2026-06-16,OAK_COL,RIV_WAV,4,Top,0,0,0,4,4,"Foster, Owen",RIV_WAV,Right,"Blake, Mason",OAK_COL,StrikeSwinging,,Changeup,Changeup,84.8,1789.0,6.8,-10.2,-1.32,2.41,,,,,,,True,True,,
synthetic_game_02.csv,2026-06-16,OAK_COL,RIV_WAV,4,Top,0,0,0,4,5,"Foster, Owen",RIV_WAV,Right,"Blake, Mason",OAK_COL,StrikeSwinging,,Four-Seam,Four-Seam,92.7,2413.0,17.6,-9.7,0.12,2.63,Out,,,,,,True,True,,
synthetic_game_02.csv,2026-06-16,OAK_COL,RIV_WAV,4,Bottom,1,0,0,3,1,"Foster, Owen",RIV_WAV,Right,"Blake, Mason",OAK_COL,StrikeSwinging,,Slider,Slider,83.4,2508.0,6.7,6.2,1.25,2.46,,,,,,,True,True,,
synthetic_game_02.csv,2026-06-16,OAK_COL,RIV_WAV,4,Bottom,0,0,0,3,2,"Foster, Owen",RIV_WAV,Right,"Blake, Mason",OAK_COL,StrikeSwinging,,Sinker,Sinker,90.0,2229.0,13.5,-15.8,-1.02,2.66,,,,,,,True,True,,
synthetic_game_02.csv,2026-06-16,OAK_COL,RIV_WAV,4,Bottom,1,0,0,3,3,"Foster, Owen",RIV_WAV,Right,"Blake, Mason",OAK_COL,StrikeCalled,,Slider,Slider,78.5,2495.0,5.2,7.9,0.35,1.93,,,,,,,False,False,,
synthetic_game_02.csv,2026-06-16,OAK_COL,RIV_WAV,4,Bottom,1,0,0,3,4,"Foster, Owen",RIV_WAV,Right,"Blake, Mason",OAK_COL,FoulBall,,Four-Seam,Four-Seam,90.1,2070.0,12.8,-7.7,-0.22,2.19,,,,,,,True,False,,
synthetic_game_02.csv,2026-06-16,OAK_COL,RIV_WAV,4,Bottom,1,0,0,3,5,"Foster, Owen",RIV_WAV,Right,"Blake, Mason",OAK_COL,StrikeCalled,,Four-Seam,Four-Seam,89.9,2489.0,16.4,-6.6,0.84,1.41,,,,,,,False,False,,
synthetic_game_02.csv,2026-06-16,OAK_COL,RIV_WAV,4,Bottom,1,0,0,3,6,"Foster, Owen",RIV_WAV,Right,"Blake, Mason",OAK_COL,StrikeSwinging,Strikeout,Changeup,Changeup,83.4,1615.0,8.7,-18.2,0.27,2.43,,,,,,,True,True,,
synthetic_game_02.csv,2026-06-16,OAK_COL,RIV_WAV,4,Bottom,2,0,0,4,1,"Foster, Owen",RIV_WAV,Right,"Blake, Mason",OAK_COL,StrikeSwinging,,Four-Seam,Four-Seam,91.2,2105.0,13.2,-6.7,0.37,3.32,,,,,,,True,True,,
synthetic_game_02.csv,2026-06-16,OAK_COL,RIV_WAV,4,Bottom,1,0,0,4,2,"Foster, Owen",RIV_WAV,Right,"Blake, Mason",OAK_COL,StrikeCalled,,Sinker,Sinker,91.8,2156.0,7.7,-12.4,1.12,2.54,,,,,,,False,False,,
synthetic_game_02.csv,2026-06-16,OAK_COL,RIV_WAV,4,Bottom,1,0,0,4,3,"Foster, Owen",RIV_WAV,Right,"Blake, Mason",OAK_COL,BallCalled,,Sinker,Sinker,91.4,2032.0,6.8,-12.2,-0.25,2.82,,,,,,,False,False,,
synthetic_game_02.csv,2026-06-16,OAK_COL,RIV_WAV,4,Bottom,0,0,0,4,4,"Foster, Owen",RIV_WAV,Right,"Blake, Mason",OAK_COL,InPlay,,Four-Seam,Four-Seam,89.9,2379.0,14.4,-5.6,0.04,2.22,Single,GroundBall,65.3,27.0,0.2,131.0,True,False,No,Yes
synthetic_game_02.csv,2026-06-16,OAK_COL,RIV_WAV,4,Bottom,0,0,0,5,1,"Foster, Owen",RIV_WAV,Right,"Blake, Mason",OAK_COL,StrikeCalled,,Slider,Slider,79.9,2434.0,2.8,11.4,-0.6,3.0,,,,,,,False,False,,
synthetic_game_02.csv,2026-06-16,OAK_COL,RIV_WAV,4,Bottom,1,0,0,5,2,"Foster, Owen",RIV_WAV,Right,"Blake, Mason",OAK_COL,StrikeSwinging,,Slider,Slider,82.2,2221.0,2.8,7.6,-0.33,2.4,,,,,,,True,True,,
synthetic_game_02.csv,2026-06-16,OAK_COL,RIV_WAV,4,Bottom,0,0,0,5,3,"Foster, Owen",RIV_WAV,Right,"Blake, Mason",OAK_COL,FoulBall,,Slider,Slider,80.4,2418.0,-0.7,8.8,-0.42,2.16,,,,,,,True,False,,
synthetic_game_02.csv,2026-06-16,OAK_COL,RIV_WAV,4,Bottom,1,0,0,5,4,"Foster, Owen",RIV_WAV,Right,"Blake, Mason",OAK_COL,StrikeCalled,,Four-Seam,Four-Seam,94.8,2212.0,17.6,-5.3,-0.81,2.35,,,,,,,False,False,,
synthetic_game_02.csv,2026-06-16,OAK_COL,RIV_WAV,4,Bottom,0,0,0,5,5,"Foster, Owen",RIV_WAV,Right,"Blake, Mason",OAK_COL,BallCalled,Walk,Four-Seam,Four-Seam,91.9,2018.0,15.7,-9.0,0.56,2.58,,,,,,,False,False,,
synthetic_game_02.csv,2026-06-16,OAK_COL,RIV_WAV,5,Top,0,0,0,5,1,"Foster, Owen",RIV_WAV,Right,"Blake, Mason",OAK_COL,StrikeCalled,,Sinker,Sinker,89.6,2233.0,8.1,-15.6,-0.04,2.11,,,,,,,False,False,,
synthetic_game_02.csv,2026-06-16,OAK_COL,RIV_WAV,5,Top,1,0,0,5,2,"Foster, Owen",RIV_WAV,Right,"Blake, Mason",OAK_COL,StrikeSwinging,,Changeup,Changeup,83.3,1796.0,9.6,-13.6,0.27,2.87,,,,,,,True,True,,
synthetic_game_02.csv,2026-06-16,OAK_COL,RIV_WAV,5,Top,1,0,0,5,3,"Foster, Owen",RIV_WAV,Right,"Blake, Mason",OAK_COL,StrikeSwinging,,Four-Seam,Four-Seam,90.4,2393.0,17.4,-7.0,-0.91,3.13,,,,,,,True,True,,
synthetic_game_02.csv,2026-06-16,OAK_COL,RIV_WAV,5,Top,1,0,0,5,4,"Foster, Owen",RIV_WAV,Right,"Blake, Mason",OAK_COL,StrikeSwinging,,Slider,Slider,80.4,2447.0,1.9,5.0,0.29,3.48,Out,,,,,,True,True,,
synthetic_game_02.csv,2026-06-16,OAK_COL,RIV_WAV,5,Bottom,0,0,0,2,1,"Ortiz, Caleb",OAK_COL,Right,"Blake, Mason",OAK_COL,FoulBall,,Sinker,Sinker,87.4,1787.0,11.9,-17.4,0.26,2.72,,,,,,,True,False,,
synthetic_game_02.csv,2026-06-16,OAK_COL,RIV_WAV,5,Bottom,2,0,0,2,2,"Ortiz, Caleb",OAK_COL,Right,"Blake, Mason",OAK_COL,StrikeSwinging,,Slider,Slider,80.2,2298.0,6.0,3.9,0.65,1.27,Out,,,,,,True,True,,
synthetic_game_02.csv,2026-06-16,OAK_COL,RIV_WAV,5,Bottom,0,0,0,5,1,"Ortiz, Caleb",OAK_COL,Right,"Blake, Mason",OAK_COL,BallCalled,,Sinker,Sinker,92.3,2201.0,6.5,-12.4,-0.42,2.37,,,,,,,False,False,,
synthetic_game_02.csv,2026-06-16,OAK_COL,RIV_WAV,5,Bottom,2,0,0,5,2,"Ortiz, Caleb",OAK_COL,Right,"Blake, Mason",OAK_COL,BallCalled,,Slider,Slider,82.5,2337.0,6.0,5.4,0.1,2.51,,,,,,,False,False,,
synthetic_game_02.csv,2026-06-16,OAK_COL,RIV_WAV,5,Bottom,2,0,0,5,3,"Ortiz, Caleb",OAK_COL,Right,"Blake, Mason",OAK_COL,BallCalled,,Slider,Slider,82.1,2272.0,2.3,6.5,0.16,2.28,,,,,,,False,False,,
synthetic_game_02.csv,2026-06-16,OAK_COL,RIV_WAV,5,Bottom,0,0,0,5,4,"Ortiz, Caleb",OAK_COL,Right,"Blake, Mason",OAK_COL,BallCalled,,Slider,Slider,80.0,2444.0,6.4,8.2,-0.57,2.86,,,,,,,False,False,,
synthetic_game_02.csv,2026-06-16,OAK_COL,RIV_WAV,5,Bottom,1,0,0,5,5,"Ortiz, Caleb",OAK_COL,Right,"Blake, Mason",OAK_COL,StrikeSwinging,Strikeout,Four-Seam,Four-Seam,89.8,2477.0,15.3,-6.7,1.68,2.49,,,,,,,True,True,,
synthetic_game_02.csv,2026-06-16,OAK_COL,RIV_WAV,6,Top,2,0,0,1,1,"Ortiz, Caleb",OAK_COL,Right,"Blake, Mason",OAK_COL,FoulBall,,Changeup,Changeup,82.9,1851.0,9.8,-11.1,-0.98,1.82,,,,,,,True,False,,
synthetic_game_02.csv,2026-06-16,OAK_COL,RIV_WAV,6,Top,2,0,0,1,2,"Ortiz, Caleb",OAK_COL,Right,"Blake, Mason",OAK_COL,BallCalled,,Slider,Slider,79.3,2327.0,4.0,7.0,0.33,2.74,,,,,,,False,False,,
synthetic_game_02.csv,2026-06-16,OAK_COL,RIV_WAV,6,Top,0,0,0,1,3,"Ortiz, Caleb",OAK_COL,Right,"Blake, Mason",OAK_COL,FoulBall,,Slider,Slider,79.6,2437.0,6.3,6.9,0.41,2.15,,,,,,,True,False,,
synthetic_game_02.csv,2026-06-16,OAK_COL,RIV_WAV,6,Top,2,0,0,1,4,"Ortiz, Caleb",OAK_COL,Right,"Blake, Mason",OAK_COL,BallCalled,,Slider,Slider,79.4,2552.0,5.1,7.4,0.02,2.1,,,,,,,False,False,,
synthetic_game_02.csv,2026-06-16,OAK_COL,RIV_WAV,6,Top,1,0,0,1,5,"Ortiz, Caleb",OAK_COL,Right,"Blake, Mason",OAK_COL,StrikeSwinging,Strikeout,Changeup,Changeup,83.5,1879.0,6.8,-15.4,-0.29,1.96,,,,,,,True,True,,
synthetic_game_02.csv,2026-06-16,OAK_COL,RIV_WAV,6,Bottom,1,0,0,4,1,"Monroe, Jake",OAK_COL,Right,"Blake, Mason",OAK_COL,StrikeSwinging,,Sinker,Sinker,90.9,2349.0,6.5,-12.7,0.06,1.81,,,,,,,True,True,,
synthetic_game_02.csv,2026-06-16,OAK_COL,RIV_WAV,6,Bottom,1,0,0,4,2,"Monroe, Jake",OAK_COL,Right,"Blake, Mason",OAK_COL,FoulBall,,Sinker,Sinker,90.1,2164.0,8.0,-16.8,0.51,2.29,,,,,,,True,False,,
synthetic_game_02.csv,2026-06-16,OAK_COL,RIV_WAV,6,Bottom,1,0,0,4,3,"Monroe, Jake",OAK_COL,Right,"Blake, Mason",OAK_COL,StrikeSwinging,,Changeup,Changeup,81.7,1909.0,9.5,-10.6,0.26,2.64,,,,,,,True,True,,
synthetic_game_02.csv,2026-06-16,OAK_COL,RIV_WAV,6,Bottom,2,0,0,4,4,"Monroe, Jake",OAK_COL,Right,"Blake, Mason",OAK_COL,InPlay,,Four-Seam,Four-Seam,92.1,2308.0,15.0,-6.2,-1.78,3.74,Single,Popup,74.4,25.2,-17.8,20,True,False,No,Yes
synthetic_game_02.csv,2026-06-16,OAK_COL,RIV_WAV,7,Top,0,0,0,3,1,"Keller, Ryan",OAK_COL,Left,"Blake, Mason",OAK_COL,StrikeCalled,,Sinker,Sinker,91.6,2121.0,9.1,-12.7,-0.78,3.27,,,,,,,False,False,,
synthetic_game_02.csv,2026-06-16,OAK_COL,RIV_WAV,7,Top,2,0,0,3,2,"Keller, Ryan",OAK_COL,Left,"Blake, Mason",OAK_COL,BallCalled,,Changeup,Changeup,80.0,1811.0,12.2,-15.3,-0.39,3.76,,,,,,,False,False,,
synthetic_game_02.csv,2026-06-16,OAK_COL,RIV_WAV,7,Top,1,0,0,3,3,"Keller, Ryan",OAK_COL,Left,"Blake, Mason",OAK_COL,FoulBall,,Sinker,Sinker,90.9,2079.0,11.7,-11.1,0.21,1.56,,,,,,,True,False,,
synthetic_game_02.csv,2026-06-16,OAK_COL,RIV_WAV,7,Top,2,0,0,3,4,"Keller, Ryan",OAK_COL,Left,"Blake, Mason",OAK_COL,InPlay,,Slider,Slider,77.4,2593.0,1.8,7.7,0.13,1.96,Out,Popup,80.6,4.6,18.1,108.0,True,False,No,No
synthetic_game_02.csv,2026-06-16,OAK_COL,RIV_WAV,7,Top,2,0,0,5,1,"Ortiz, Caleb",OAK_COL,Right,"Blake, Mason",OAK_COL,StrikeSwinging,,Four-Seam,Four-Seam,90.9,2233.0,18.8,-7.2,-0.69,1.71,,,,,,,True,True,,
synthetic_game_02.csv,2026-06-16,OAK_COL,RIV_WAV,7,Top,2,0,0,5,2,"Ortiz, Caleb",OAK_COL,Right,"Blake, Mason",OAK_COL,StrikeCalled,,Changeup,Changeup,81.5,1873.0,6.4,-13.8,-0.04,3.76,,,,,,,False,False,,
synthetic_game_02.csv,2026-06-16,OAK_COL,RIV_WAV,7,Top,2,0,0,5,3,"Ortiz, Caleb",OAK_COL,Right,"Blake, Mason",OAK_COL,InPlay,,Changeup,Changeup,82.8,1760.0,9.0,-11.2,-0.68,1.58,Single,LineDrive,93.9,15.5,-10.6,282.0,True,False,Yes,Yes
synthetic_game_02.csv,2026-06-16,OAK_COL,RIV_WAV,7,Bottom,0,0,0,1,1,"Monroe, Jake",OAK_COL,Right,"Blake, Mason",OAK_COL,BallCalled,,Sinker,Sinker,90.8,2187.0,5.6,-13.3,-0.18,2.61,,,,,,,False,False,,
synthetic_game_02.csv,2026-06-16,OAK_COL,RIV_WAV,7,Bottom,0,0,0,1,2,"Monroe, Jake",OAK_COL,Right,"Blake, Mason",OAK_COL,FoulBall,,Sinker,Sinker,90.7,2304.0,5.1,-9.5,0.56,2.87,,,,,,,True,False,,
synthetic_game_02.csv,2026-06-16,OAK_COL,RIV_WAV,7,Bottom,1,0,0,1,3,"Monroe, Jake",OAK_COL,Right,"Blake, Mason",OAK_COL,InPlay,,Sinker,Sinker,89.3,2335.0,10.0,-15.6,0.03,2.31,Out,LineDrive,100.9,-6.1,0.7,151.0,True,False,Yes,No
synthetic_game_02.csv,2026-06-16,OAK_COL,RIV_WAV,7,Bottom,1,0,0,3,1,"Foster, Owen",RIV_WAV,Right,"Blake, Mason",OAK_COL,StrikeSwinging,,Sinker,Sinker,90.5,2077.0,9.8,-13.7,-0.44,2.69,,,,,,,True,True,,
synthetic_game_02.csv,2026-06-16,OAK_COL,RIV_WAV,7,Bottom,0,0,0,3,2,"Foster, Owen",RIV_WAV,Right,"Blake, Mason",OAK_COL,BallCalled,,Changeup,Changeup,84.4,1714.0,7.6,-11.3,-0.14,1.59,,,,,,,False,False,,
synthetic_game_02.csv,2026-06-16,OAK_COL,RIV_WAV,7,Bottom,1,0,0,3,3,"Foster, Owen",RIV_WAV,Right,"Blake, Mason",OAK_COL,FoulBall,,Slider,Slider,78.8,2429.0,5.8,8.1,-0.61,3.72,,,,,,,True,False,,
synthetic_game_02.csv,2026-06-16,OAK_COL,RIV_WAV,7,Bottom,2,0,0,3,4,"Foster, Owen",RIV_WAV,Right,"Blake, Mason",OAK_COL,InPlay,,Four-Seam,Four-Seam,90.6,2284.0,16.7,-7.2,-1.53,2.57,Out,Popup,98.6,6.7,16.2,256.0,True,False,Yes,No
synthetic_game_03.csv,2026-06-17,OAK_COL,RIV_WAV,1,Top,0,0,0,4,1,"Foster, Owen",RIV_WAV,Right,"Blake, Mason",OAK_COL,FoulBall,,Changeup,Changeup,83.7,1846.0,8.4,-13.2,-3.02,2.84,,,,,,,True,False,,
synthetic_game_03.csv,2026-06-17,OAK_COL,RIV_WAV,1,Top,1,0,0,4,2,"Foster, Owen",RIV_WAV,Right,"Blake, Mason",OAK_COL,BallCalled,,Slider,Slider,80.5,2347.0,2.2,5.8,-0.54,2.48,,,,,,,False,False,,
synthetic_game_03.csv,2026-06-17,OAK_COL,RIV_WAV,1,Top,1,0,0,4,3,"Foster, Owen",RIV_WAV,Right,"Blake, Mason",OAK_COL,BallCalled,,Sinker,Sinker,90.0,1844.0,8.3,-15.0,-0.38,4.19,,,,,,,False,False,,
synthetic_game_03.csv,2026-06-17,OAK_COL,RIV_WAV,1,Top,0,0,0,4,4,"Foster, Owen",RIV_WAV,Right,"Blake, Mason",OAK_COL,StrikeSwinging,Strikeout,Changeup,Changeup,85.2,1916.0,11.5,-10.5,0.28,2.68,,,,,,,True,True,,
synthetic_game_03.csv,2026-06-17,OAK_COL,RIV_WAV,1,Bottom,1,0,0,2,1,"Ortiz, Caleb",OAK_COL,Right,"Blake, Mason",OAK_COL,StrikeSwinging,,Slider,Slider,77.8,2506.0,3.9,6.0,0.01,2.63,,,,,,,True,True,,
synthetic_game_03.csv,2026-06-17,OAK_COL,RIV_WAV,1,Bottom,0,0,0,2,2,"Ortiz, Caleb",OAK_COL,Right,"Blake, Mason",OAK_COL,FoulBall,,Changeup,Changeup,82.0,1986.0,7.8,-18.8,1.44,2.86,,,,,,,True,False,,
synthetic_game_03.csv,2026-06-17,OAK_COL,RIV_WAV,1,Bottom,0,0,0,2,3,"Ortiz, Caleb",OAK_COL,Right,"Blake, Mason",OAK_COL,StrikeSwinging,,Four-Seam,Four-Seam,91.0,2436.0,16.0,-2.3,0.11,2.18,,,,,,,True,True,,
synthetic_game_03.csv,2026-06-17,OAK_COL,RIV_WAV,1,Bottom,1,0,0,2,4,"Ortiz, Caleb",OAK_COL,Right,"Blake, Mason",OAK_COL,FoulBall,,Slider,Slider,80.6,2410.0,2.5,5.3,-1.24,2.38,,,,,,,True,False,,
synthetic_game_03.csv,2026-06-17,OAK_COL,RIV_WAV,1,Bottom,1,0,0,2,5,"Ortiz, Caleb",OAK_COL,Right,"Blake, Mason",OAK_COL,BallCalled,,Slider,Slider,78.4,2395.0,0.6,6.1,-0.49,3.4,,,,,,,False,False,,
synthetic_game_03.csv,2026-06-17,OAK_COL,RIV_WAV,1,Bottom,1,0,0,2,6,"Ortiz, Caleb",OAK_COL,Right,"Blake, Mason",OAK_COL,StrikeSwinging,,Four-Seam,Four-Seam,93.8,2236.0,17.2,-7.1,-0.96,2.74,Out,,,,,,True,True,,
synthetic_game_03.csv,2026-06-17,OAK_COL,RIV_WAV,1,Bottom,2,0,0,4,1,"Monroe, Jake",OAK_COL,Right,"Blake, Mason",OAK_COL,StrikeSwinging,,Four-Seam,Four-Seam,91.0,2227.0,12.6,-6.7,0.29,2.34,,,,,,,True,True,,
synthetic_game_03.csv,2026-06-17,OAK_COL,RIV_WAV,1,Bottom,1,0,0,4,2,"Monroe, Jake",OAK_COL,Right,"Blake, Mason",OAK_COL,StrikeSwinging,,Sinker,Sinker,89.8,2243.0,9.3,-12.1,0.13,2.12,Out,,,,,,True,True,,
synthetic_game_03.csv,2026-06-17,OAK_COL,RIV_WAV,2,Top,2,0,0,1,1,"Monroe, Jake",OAK_COL,Right,"Blake, Mason",OAK_COL,StrikeCalled,,Sinker,Sinker,88.1,2056.0,8.0,-15.9,-0.58,1.64,,,,,,,False,False,,
synthetic_game_03.csv,2026-06-17,OAK_COL,RIV_WAV,2,Top,2,0,0,1,2,"Monroe, Jake",OAK_COL,Right,"Blake, Mason",OAK_COL,BallCalled,,Sinker,Sinker,88.4,2076.0,9.0,-13.0,-2.46,2.36,,,,,,,False,False,,
synthetic_game_03.csv,2026-06-17,OAK_COL,RIV_WAV,2,Top,1,0,0,1,3,"Monroe, Jake",OAK_COL,Right,"Blake, Mason",OAK_COL,StrikeCalled,,Sinker,Sinker,88.6,2112.0,8.2,-12.4,1.03,2.85,,,,,,,False,False,,
synthetic_game_03.csv,2026-06-17,OAK_COL,RIV_WAV,2,Top,0,0,0,1,4,"Monroe, Jake",OAK_COL,Right,"Blake, Mason",OAK_COL,StrikeCalled,,Slider,Slider,81.1,2355.0,3.7,6.3,0.02,2.8,,,,,,,False,False,,
synthetic_game_03.csv,2026-06-17,OAK_COL,RIV_WAV,2,Top,2,0,0,1,5,"Monroe, Jake",OAK_COL,Right,"Blake, Mason",OAK_COL,StrikeCalled,,Slider,Slider,78.8,2507.0,4.9,7.9,0.03,2.27,,,,,,,False,False,,
synthetic_game_03.csv,2026-06-17,OAK_COL,RIV_WAV,2,Top,0,0,0,1,6,"Monroe, Jake",OAK_COL,Right,"Blake, Mason",OAK_COL,BallCalled,Walk,Changeup,Changeup,82.8,1549.0,7.8,-9.1,1.15,4.02,,,,,,,False,False,,
synthetic_game_03.csv,2026-06-17,OAK_COL,RIV_WAV,2,Bottom,0,0,0,1,1,"Ortiz, Caleb",OAK_COL,Right,"Blake, Mason",OAK_COL,FoulBall,,Sinker,Sinker,89.0,2405.0,9.1,-14.0,-0.06,2.49,,,,,,,True,False,,
synthetic_game_03.csv,2026-06-17,OAK_COL,RIV_WAV,2,Bottom,0,0,0,1,2,"Ortiz, Caleb",OAK_COL,Right,"Blake, Mason",OAK_COL,InPlay,,Four-Seam,Four-Seam,90.5,2467.0,18.0,-6.7,-0.92,2.77,Out,,,,,,True,False,,
synthetic_game_03.csv,2026-06-17,OAK_COL,RIV_WAV,2,Bottom,0,0,0,3,1,"Foster, Owen",RIV_WAV,Right,"Blake, Mason",OAK_COL,BallCalled,,Sinker,Sinker,89.3,2263.0,8.5,-13.0,0.18,2.54,,,,,,,False,False,,
synthetic_game_03.csv,2026-06-17,OAK_COL,RIV_WAV,2,Bottom,1,0,0,3,2,"Foster, Owen",RIV_WAV,Right,"Blake, Mason",OAK_COL,BallCalled,,Changeup,Changeup,83.9,1824.0,6.9,-14.6,-0.92,3.83,,,,,,,False,False,,
synthetic_game_03.csv,2026-06-17,OAK_COL,RIV_WAV,2,Bottom,1,0,0,3,3,"Foster, Owen",RIV_WAV,Right,"Blake, Mason",OAK_COL,FoulBall,,Sinker,Sinker,89.7,2128.0,11.7,-14.7,-0.71,1.88,,,,,,,True,False,,
synthetic_game_03.csv,2026-06-17,OAK_COL,RIV_WAV,2,Bottom,2,0,0,3,4,"Foster, Owen",RIV_WAV,Right,"Blake, Mason",OAK_COL,FoulBall,,Sinker,Sinker,89.1,2278.0,9.5,-12.7,-0.38,2.31,,,,,,,True,False,,
synthetic_game_03.csv,2026-06-17,OAK_COL,RIV_WAV,2,Bottom,2,0,0,3,5,"Foster, Owen",RIV_WAV,Right,"Blake, Mason",OAK_COL,StrikeSwinging,Strikeout,Four-Seam,Four-Seam,92.8,2233.0,18.5,-5.3,-0.14,2.58,,,,,,,True,True,,
synthetic_game_03.csv,2026-06-17,OAK_COL,RIV_WAV,3,Top,0,0,0,2,1,"Keller, Ryan",OAK_COL,Left,"Blake, Mason",OAK_COL,BallCalled,,Four-Seam,Four-Seam,91.5,2211.0,17.2,-7.0,0.38,1.99,,,,,,,False,False,,
synthetic_game_03.csv,2026-06-17,OAK_COL,RIV_WAV,3,Top,2,0,0,2,2,"Keller, Ryan",OAK_COL,Left,"Blake, Mason",OAK_COL,StrikeCalled,,Changeup,Changeup,84.3,1622.0,7.5,-13.4,-0.34,2.05,,,,,,,False,False,,
synthetic_game_03.csv,2026-06-17,OAK_COL,RIV_WAV,3,Top,0,0,0,2,3,"Keller, Ryan",OAK_COL,Left,"Blake, Mason",OAK_COL,StrikeSwinging,,Sinker,Sinker,90.2,2118.0,5.7,-12.7,0.13,3.5,,,,,,,True,True,,
synthetic_game_03.csv,2026-06-17,OAK_COL,RIV_WAV,3,Top,2,0,0,2,4,"Keller, Ryan",OAK_COL,Left,"Blake, Mason",OAK_COL,StrikeCalled,,Four-Seam,Four-Seam,94.3,2148.0,16.3,-5.0,0.12,2.23,,,,,,,False,False,,
synthetic_game_03.csv,2026-06-17,OAK_COL,RIV_WAV,3,Top,1,0,0,2,5,"Keller, Ryan",OAK_COL,Left,"Blake, Mason",OAK_COL,StrikeSwinging,,Four-Seam,Four-Seam,90.2,2325.0,15.5,-2.9,1.07,3.54,,,,,,,True,True,,
synthetic_game_03.csv,2026-06-17,OAK_COL,RIV_WAV,3,Top,1,0,0,2,6,"Keller, Ryan",OAK_COL,Left,"Blake, Mason",OAK_COL,StrikeSwinging,Strikeout,Four-Seam,Four-Seam,90.7,2251.0,12.6,-9.8,-0.43,2.01,,,,,,,True,True,,
synthetic_game_03.csv,2026-06-17,OAK_COL,RIV_WAV,4,Top,1,0,0,1,1,"Ortiz, Caleb",OAK_COL,Right,"Blake, Mason",OAK_COL,StrikeCalled,,Changeup,Changeup,82.2,1589.0,10.6,-11.2,-0.39,3.01,,,,,,,False,False,,
synthetic_game_03.csv,2026-06-17,OAK_COL,RIV_WAV,4,Top,0,0,0,1,2,"Ortiz, Caleb",OAK_COL,Right,"Blake, Mason",OAK_COL,StrikeSwinging,,Sinker,Sinker,89.3,2163.0,9.6,-13.8,0.17,2.46,,,,,,,True,True,,
synthetic_game_03.csv,2026-06-17,OAK_COL,RIV_WAV,4,Top,2,0,0,1,3,"Ortiz, Caleb",OAK_COL,Right,"Blake, Mason",OAK_COL,StrikeCalled,,Changeup,Changeup,83.8,1692.0,7.3,-12.7,-0.45,3.17,,,,,,,False,False,,
synthetic_game_03.csv,2026-06-17,OAK_COL,RIV_WAV,4,Top,0,0,0,1,4,"Ortiz, Caleb",OAK_COL,Right,"Blake, Mason",OAK_COL,FoulBall,,Slider,Slider,80.0,2281.0,4.8,3.6,-0.04,1.36,,,,,,,True,False,,
synthetic_game_03.csv,2026-06-17,OAK_COL,RIV_WAV,4,Top,1,0,0,1,5,"Ortiz, Caleb",OAK_COL,Right,"Blake, Mason",OAK_COL,InPlay,,Slider,Slider,81.3,2132.0,3.0,5.3,0.18,2.2,Out,,,,,,True,False,,
synthetic_game_03.csv,2026-06-17,OAK_COL,RIV_WAV,4,Bottom,0,0,0,4,1,"Ortiz, Caleb",OAK_COL,Right,"Blake, Mason",OAK_COL,FoulBall,,Changeup,Changeup,84.6,1771.0,8.9,-11.9,0.23,2.9,,,,,,,True,False,,
synthetic_game_03.csv,2026-06-17,OAK_COL,RIV_WAV,4,Bottom,1,0,0,4,2,"Ortiz, Caleb",OAK_COL,Right,"Blake, Mason",OAK_COL,StrikeCalled,,Changeup,Changeup,83.4,1771.0,5.6,-10.5,0.86,2.55,,,,,,,False,False,,
synthetic_game_03.csv,2026-06-17,OAK_COL,RIV_WAV,4,Bottom,2,0,0,4,3,"Ortiz, Caleb",OAK_COL,Right,"Blake, Mason",OAK_COL,StrikeSwinging,,Changeup,Changeup,81.7,1611.0,9.7,-8.2,-0.38,2.24,,,,,,,True,True,,
synthetic_game_03.csv,2026-06-17,OAK_COL,RIV_WAV,4,Bottom,2,0,0,4,4,"Ortiz, Caleb",OAK_COL,Right,"Blake, Mason",OAK_COL,FoulBall,,Changeup,Changeup,81.2,1617.0,10.1,-15.2,0.19,1.5,,,,,,,True,False,,
synthetic_game_03.csv,2026-06-17,OAK_COL,RIV_WAV,4,Bottom,1,0,0,4,5,"Ortiz, Caleb",OAK_COL,Right,"Blake, Mason",OAK_COL,InPlay,,Four-Seam,Four-Seam,92.4,2076.0,17.6,-6.2,-0.26,2.06,Out,,,,,,True,False,,
synthetic_game_03.csv,2026-06-17,OAK_COL,RIV_WAV,5,Bottom,1,0,0,2,1,"Ortiz, Caleb",OAK_COL,Right,"Blake, Mason",OAK_COL,StrikeCalled,,Slider,Slider,77.4,2495.0,8.9,4.3,-0.99,2.1,,,,,,,False,False,,
synthetic_game_03.csv,2026-06-17,OAK_COL,RIV_WAV,5,Bottom,2,0,0,2,2,"Ortiz, Caleb",OAK_COL,Right,"Blake, Mason",OAK_COL,StrikeSwinging,Strikeout,Sinker,Sinker,88.5,2265.0,8.9,-10.0,1.56,0.71,,,,,,,True,True,,
synthetic_game_03.csv,2026-06-17,OAK_COL,RIV_WAV,5,Bottom,2,0,0,4,1,"Monroe, Jake",OAK_COL,Right,"Blake, Mason",OAK_COL,FoulBall,,Changeup,Changeup,82.2,1799.0,7.4,-13.9,-1.08,2.8,,,,,,,True,False,,
synthetic_game_03.csv,2026-06-17,OAK_COL,RIV_WAV,5,Bottom,2,0,0,4,2,"Monroe, Jake",OAK_COL,Right,"Blake, Mason",OAK_COL,StrikeSwinging,,Changeup,Changeup,83.2,1499.0,5.2,-12.2,-0.39,2.0,,,,,,,True,True,,
synthetic_game_03.csv,2026-06-17,OAK_COL,RIV_WAV,5,Bottom,1,0,0,4,3,"Monroe, Jake",OAK_COL,Right,"Blake, Mason",OAK_COL,StrikeSwinging,,Sinker,Sinker,87.5,2163.0,8.1,-13.7,-0.25,2.85,Out,,,,,,True,True,,
synthetic_game_03.csv,2026-06-17,OAK_COL,RIV_WAV,6,Top,0,0,0,2,1,"Keller, Ryan",OAK_COL,Left,"Blake, Mason",OAK_COL,BallCalled,,Changeup,Changeup,83.9,1638.0,8.5,-11.1,0.36,2.2,,,,,,,False,False,,
synthetic_game_03.csv,2026-06-17,OAK_COL,RIV_WAV,6,Top,2,0,0,2,2,"Keller, Ryan",OAK_COL,Left,"Blake, Mason",OAK_COL,StrikeSwinging,,Changeup,Changeup,82.4,1722.0,10.0,-17.5,0.55,2.05,,,,,,,True,True,,
synthetic_game_03.csv,2026-06-17,OAK_COL,RIV_WAV,6,Top,2,0,0,2,3,"Keller, Ryan",OAK_COL,Left,"Blake, Mason",OAK_COL,StrikeSwinging,Strikeout,Sinker,Sinker,89.0,1901.0,8.2,-15.6,1.95,2.07,,,,,,,True,True,,
synthetic_game_03.csv,2026-06-17,OAK_COL,RIV_WAV,6,Top,0,0,0,3,1,"Ortiz, Caleb",OAK_COL,Right,"Blake, Mason",OAK_COL,StrikeSwinging,,Changeup,Changeup,84.1,1899.0,11.3,-14.1,0.41,3.37,,,,,,,True,True,,
synthetic_game_03.csv,2026-06-17,OAK_COL,RIV_WAV,6,Top,0,0,0,3,2,"Ortiz, Caleb",OAK_COL,Right,"Blake, Mason",OAK_COL,FoulBall,,Slider,Slider,83.1,2314.0,0.2,4.8,-0.18,2.92,,,,,,,True,False,,
synthetic_game_03.csv,2026-06-17,OAK_COL,RIV_WAV,6,Top,0,0,0,3,3,"Ortiz, Caleb",OAK_COL,Right,"Blake, Mason",OAK_COL,StrikeCalled,,Slider,Slider,82.0,2414.0,3.0,4.8,-0.34,2.39,,,,,,,False,False,,
synthetic_game_03.csv,2026-06-17,OAK_COL,RIV_WAV,6,Top,2,0,0,3,4,"Ortiz, Caleb",OAK_COL,Right,"Blake, Mason",OAK_COL,InPlay,,Slider,Slider,81.3,2355.0,0.3,6.7,-0.8,3.24,Out,,,,,,True,False,,
synthetic_game_03.csv,2026-06-17,OAK_COL,RIV_WAV,6,Top,1,0,0,5,1,"Monroe, Jake",OAK_COL,Right,"Blake, Mason",OAK_COL,BallCalled,,Four-Seam,Four-Seam,95.3,2248.0,16.2,-6.0,0.4,1.57,,,,,,,False,False,,
synthetic_game_03.csv,2026-06-17,OAK_COL,RIV_WAV,6,Top,1,0,0,5,2,"Monroe, Jake",OAK_COL,Right,"Blake, Mason",OAK_COL,StrikeSwinging,,Four-Seam,Four-Seam,91.7,2310.0,15.3,-2.8,-0.6,2.44,,,,,,,True,True,,
synthetic_game_03.csv,2026-06-17,OAK_COL,RIV_WAV,6,Top,2,0,0,5,3,"Monroe, Jake",OAK_COL,Right,"Blake, Mason",OAK_COL,StrikeSwinging,,Four-Seam,Four-Seam,92.1,2379.0,15.9,-3.3,0.03,2.92,,,,,,,True,True,,
synthetic_game_03.csv,2026-06-17,OAK_COL,RIV_WAV,6,Top,1,0,0,5,4,"Monroe, Jake",OAK_COL,Right,"Blake, Mason",OAK_COL,StrikeSwinging,Strikeout,Slider,Slider,81.4,2541.0,4.7,8.5,0.21,0.76,,,,,,,True,True,,
synthetic_game_03.csv,2026-06-17,OAK_COL,RIV_WAV,6,Bottom,0,0,0,1,1,"Ortiz, Caleb",OAK_COL,Right,"Blake, Mason",OAK_COL,StrikeSwinging,,Sinker,Sinker,89.9,2039.0,10.5,-13.6,0.82,2.64,,,,,,,True,True,,
synthetic_game_03.csv,2026-06-17,OAK_COL,RIV_WAV,6,Bottom,2,0,0,1,2,"Ortiz, Caleb",OAK_COL,Right,"Blake, Mason",OAK_COL,StrikeSwinging,,Changeup,Changeup,80.7,1766.0,8.0,-11.4,-0.31,2.56,Out,,,,,,True,True,,
synthetic_game_03.csv,2026-06-17,OAK_COL,RIV_WAV,7,Top,0,0,0,4,1,"Ortiz, Caleb",OAK_COL,Right,"Blake, Mason",OAK_COL,StrikeCalled,,Sinker,Sinker,90.5,2297.0,9.5,-14.1,1.06,1.6,,,,,,,False,False,,
synthetic_game_03.csv,2026-06-17,OAK_COL,RIV_WAV,7,Top,0,0,0,4,2,"Ortiz, Caleb",OAK_COL,Right,"Blake, Mason",OAK_COL,BallCalled,,Changeup,Changeup,83.5,1817.0,12.1,-11.4,-0.7,1.98,,,,,,,False,False,,
synthetic_game_03.csv,2026-06-17,OAK_COL,RIV_WAV,7,Top,0,0,0,4,3,"Ortiz, Caleb",OAK_COL,Right,"Blake, Mason",OAK_COL,InPlay,,Slider,Slider,82.5,2406.0,0.6,6.4,-0.67,3.23,Out,,,,,,True,False,,
synthetic_game_03.csv,2026-06-17,OAK_COL,RIV_WAV,7,Bottom,1,0,0,4,1,"Foster, Owen",RIV_WAV,Right,"Blake, Mason",OAK_COL,StrikeCalled,,Sinker,Sinker,89.6,2184.0,8.8,-7.8,0.47,2.84,,,,,,,False,False,,
synthetic_game_03.csv,2026-06-17,OAK_COL,RIV_WAV,7,Bottom,1,0,0,4,2,"Foster, Owen",RIV_WAV,Right,"Blake, Mason",OAK_COL,InPlay,,Sinker,Sinker,88.9,2063.0,5.5,-14.5,1.3,2.87,Out,FlyBall,86.0,4.8,33.0,38.0,True,False,No,No
